hardware,TF Build,MobileNet-V2,MobileNet-V2,Inception-V3,Inception-V3,Inception-V4,Inception-V4,Inception-ResNet-V2,Inception-ResNet-V2,AI-Score
NVIDIA GeForce RTX 3090,2.15.0,21.523809523809526,59.666666666666664,27.142857142857142,84.42857142857143,27.38095238095238,86.28571428571429,35.095238095238095,92.0,65212
