hardware,TF Build,ResNet-V2-50,ResNet-V2-50,ResNet-V2-152,ResNet-V2-152,VGG-16,VGG-16,SRCNN 9-5-5,SRCNN 9-5-5,SRCNN 9-5-5,AI-Score
NVIDIA GeForce RTX 3090,2.15.0,18.095238095238095,52.904761904761905,23.714285714285715,73.85714285714286,38.095238095238095,49.80952380952381,65.0952380952381,29.047619047619047,124.85714285714286,56181
